idCliente,numero,nombre,jornada,idJornadaSugerida,horaApertura,horaCierre,emailContacto,codArea1,telefono1,codArea2,telefono2,stock,fechaActualizacionStock,Formato,idFormatoLocal,REGION,COMUNA/CIUDAD,cutComuna,direccion,referencia,gmapShortUrl,gmapIframeUrl,createdAt,editedAt
5,1,Portal Bulnes,noche,3,08:00,21:00,,,2-664 85 43,,2-664 85 43,1000,2016-04-05,MULTIFUNCIONAL,13,,Santiago,13101,Portal Bulnes N° 445,,,,,
5,3,U.L.A.,noche,3,11:00,20:00,,,2-682 06 49,,2-682 06 49,1000,2016-04-05,MULTIFUNCIONAL,13,,Santiago,13101,Avda. Libertador Bernardo Ohiggins N° 2837,,,,,
5,4,Manuel Montt,noche,3,08:30,21:30,,,2-362 16 83,,2-362 16 85,1000,2016-04-05,MULTIFUNCIONAL,13,,Providencia,13123,Avda. Providencia N° 1365,,,,,
5,5,Estación Central 1,noche,3,08:30,22:00,,,2-681 68 72,,2-681 68 72,1000,2016-04-05,MULTIFUNCIONAL,13,,Estación Central,13106,Avda. Libertador Bernardo Ohiggins N° 3307,,,,,
5,6,San Bernardo 1,noche,3,09:00,21:00,,,2-859 86 48,,2-859 86 48,1000,2016-04-05,MULTIFUNCIONAL,13,,San Bernardo,13401,Avda. Eyzaguirre N° 566,,,,,
5,7,Merced 1,noche,3,08:30,21:30,,,2-638 70 74,,2-638 70 74,1000,2016-04-05,MULTIFUNCIONAL,13,,Santiago,13101,Portal Bulnes N° 405,,,,,
5,8,Valparaíso 1,noche,3,09:00,22:00,,,32- 2- 230930,,32- 2- 230930,1000,2016-04-05,STORE,14,,Valparaíso,5101,Avda. Pedro Montt N° 1804,,,,,
5,9,Catedral,noche,3,08:30,21:30,,,2-688 02 69,,2-688 02 69,1000,2016-04-05,MULTIFUNCIONAL,13,,Santiago,13101,Catedral N° 1009 Local 2,,,,,
5,10,El Faro,noche,3,08:30,21:30,,,2-220 08 28,,2-220 08 28,1000,2016-04-05,MULTIFUNCIONAL,13,,Las Condes,13114,Avda. Apoquindo N° 5855 - 5879,,,,,
5,11,Vitacura 1,noche,3,08:00,22:00,,,2-219 16 56,,2-219 16 56,1000,2016-04-05,STORE,14,,Vitacura,13132,Avda. Vitacura N° 6710,,,,,
5,12,Maipú 1,noche,3,08:00,22:00,,,2-532 20 48,,2-532 20 48,1000,2016-04-05,STORE,14,,Maipú,13119,Avda. Pajaritos N° 1924,,,,,
5,14,Providencia 1,noche,3,08:30,22:00,,,2-231 72 54,,2-231 72 54,1000,2016-04-05,STORE,14,,Providencia,13123,Avda. Providencia N° 2076,,,,,
5,16,Talca 1,noche,3,09:00,22:00,,,71- 2- 228168,,71- 2- 228168,1000,2016-04-05,STORE,14,,Talca,7101,Uno Sur N° 1403,,,,,
5,17,Rancagua 1,noche,3,23:59,00:01,,,72- 2- 237825,,72- 2- 237825,1000,2016-04-05,MULTIFUNCIONAL,13,,Rancagua,6101,Avda. Independencia N° 798,,,,,
5,20,San Fernando 1,noche,3,09:00,21:00,,,72- 2- 710656,,72- 2- 710656,1000,2016-04-05,MULTIFUNCIONAL,13,,San Fernando,6301,Avda. Manuel Rodríguez N° 796,,,,,
5,21,Tomas Moro,noche,3,09:00,22:30,,,2-201 45 21,,2-2014521,1000,2016-04-05,STORE,14,,Las Condes,13114,Avda. Tomas Moro N° 20,,,,,
5,24,Temuco 2,noche,3,09:00,21:00,,,45- 2- 238213,,45- 2- 238213,1000,2016-04-05,MULTIF. GONDOLA,12,,Temuco,9101,Avda. Diego Portales N° 996,,,,,
5,25,Osorno 1,noche,3,09:00,22:00,,,64- 2- 237410,,64- 2- 237410,1000,2016-04-05,MULTIF. GONDOLA,12,,Osorno,10301,Cochrane N° 586 Local 2,,,,,
5,26,Grecia,noche,3,08:30,21:30,,,2-2710010,,2-271 01 98,1000,2016-04-05,MULTIFUNCIONAL,13,,Peñalolén,13122,Avda. Grecia N° 5632 - 5634,,,,,
5,28,Rengo,noche,3,09:00,21:00,,,72- 2- 513101,,72- 2- 513101,1000,2016-04-05,MULTIF. GONDOLA,12,,Rengo,6115,Arturo Prat N° 70,,,,,
5,30,La Serena 1,noche,3,09:00,21:30,,,51- 2- 217036,,51- 2- 217045,1000,2016-04-05,MULTIFUNCIONAL,13,,La Serena,4101,Calle Cordovez N° 588,,,,,
5,31,Coquimbo 1,noche,3,09:00,22:00,,,51- 2 329630,,51- 2 329629,1000,2016-04-05,STORE,14,,Coquimbo,4102,Aldunate N°1447,,,,,
5,32,Ovalle 1,noche,3,09:00,22:00,,,53- 2- 627047,,53- 2- 627047,1000,2016-04-05,MULTIF. GONDOLA,12,,Ovalle,4301,Avda. Vicuña Mackenna N° 180,,,,,
5,33,Viña del Mar 8,noche,3,09:00,22:00,,,32- 2- 882052,,32- 2- 882052,1000,2016-04-05,STORE,14,,Viña del Mar,5109,5 Oriente N°58,,,,,
5,36,Temuco 1,noche,3,08:30,23:00,,,45- 2- 215930,,45- 2- 215930,1000,2016-04-05,MULTIFUNCIONAL,13,,Temuco,9101,Manuel Bulnes N° 501,,,,,
5,37,Valdivia 1,noche,3,09:00,22:00,,,63- 2- 219382,,63- 2- 219382,1000,2016-04-05,STORE,14,,Valdivia,14101,Camilo Henríquez N° 450,,,,,
5,38,Torre Alameda,noche,3,08:30,22:00,,,2-664 09 47,,2-664 09 47,1000,2016-04-05,MULTIFUNCIONAL,13,,Santiago,13101,Avda. Libertador Bernardo Ohiggins N° 799,,,,,
5,39,Puerto Montt 1,noche,3,10:00,20:00,,,65- 2- 267615,,65- 2- 267615,1000,2016-04-05,MULTIFUNCIONAL,13,,Puerto Montt,10101,Varas N° 763 Local 27,,,,,
5,40,Villa Alemana 1,noche,3,09:00,22:00,,,32- 2- 959620,,32- 2- 959620,1000,2016-04-05,STORE,14,,Villa Alemana,5804,"Paseo Latorre N°2-6, Esquina Avda. Valparaiso",,,,,
5,41,Victoria,noche,3,09:00,21:00,,,45- 2- 841182,,45- 2- 841182,1000,2016-04-05,MULTIFUNCIONAL,13,,Victoria,9211,Avda. General Lagos N° 570,,,,,
5,42,Iquique 1,noche,3,09:30,23:00,,,57- 2- 410171,,57- 2- 410171,1000,2016-04-05,STORE,14,,Iquique,1101,Vivar N°647,,,,,
5,43,Melipilla 1,noche,3,09:00,23:00,,,2-831 03 28,,2-831 03 28,1000,2016-04-05,STORE,14,,Melipilla,13501,Avda. Ortúzar N° 548,,,,,
5,46,Plaza Italia,noche,3,08:00,22:00,,,2-420 25 73,,2-420 25 73,1000,2016-04-05,MULTIFUNCIONAL,13,,Santiago,13101,Avda. Libertador Bernardo Ohiggins N° 20,,,,,
5,47,Quilpué,noche,3,08:30,22:00,,,32- 2- 913769,,32- 2- 913769,1000,2016-04-05,MULTIF. GONDOLA,12,,Quilpué,5801,Claudio Vicuña N° 790,,,,,
5,48,Concepción 4,noche,3,08:00,22:00,,,41- 2- 258006,,41- 2- 258006,1000,2016-04-05,STORE,14,,Concepción,8101,Barros Arana N° 762 - 774,,,,,
5,49,Antofagasta 1,noche,3,09:00,22:30,,,55- 2- 285443,,55- 2- 285443,1000,2016-04-05,MULTIFUNCIONAL,13,,Antofagasta,2101,Avda. Prat N° 656,,,,,
5,50,Cantagallo,noche,3,08:00,22:30,,,2-215 46 53,,2-215 46 53,1000,2016-04-05,STORE,14,,Las Condes,13114,Avda. Las Condes N° 12145,,,,,
5,51,Vitacura 2,noche,3,08:00,22:00,,,2-426 66 51,,2-426 66 51,1000,2016-04-05,ESPACIO SB,11,,Vitacura,13132,Avda. Vitacura N° 8111,,,,,
5,52,Quillota 1,noche,3,09:30,21:00,,,33 - 2- 314885,,33 - 2- 314885,1000,2016-04-05,STORE,14,,Quillota,5501,Ohiggins N° 157,,,,,
5,53,Copiapó 1,noche,3,09:00,22:00,,,52- 2- 238916,,52- 2- 238916,1000,2016-04-05,STORE,14,,Copiapó,3101,Chacabuco N° 393,,,,,
5,54,San Bernardo 2,noche,3,08:30,23:30,,,2-856 03 38,,2-856 03 38,1000,2016-04-05,STORE,14,,San Bernardo,13401,Arturo Prat N° 573 - 575,,,,,
5,55,Copec La Florida,noche,3,08:00,23:00,,,2-287 26 76,,2-2762676,1000,2016-04-05,STORE,14,,La Florida,13110,Avda. La Florida N° 9871,,,,,
5,56,Clínica Alemana,noche,3,08:00,22:00,,,2-2101013,,2-224 71 10,1000,2016-04-05,ESPACIO SB,11,,Vitacura,13132,Avda. Manquehue N° 1410,,,,,
5,58,Colón 1,noche,3,09:00,21:00,,,2-212 87 08,,2-212 87 08,1000,2016-04-05,STORE,14,,Las Condes,13114,Avda. Colón N° 6720,,,,,
5,59,Clínica Alemana Osorno,noche,3,09:00,22:00,,,64 - 2- 253120,,64 - 2- 253120,1000,2016-04-05,MULTIF. GONDOLA,12,,Osorno,10301,Avda. Zenteno N° 1530,,,,,
5,62,La Dehesa 1,noche,3,08:00,23:00,,,2-241 84 71,,2-242 54 40,1000,2016-04-05,ESPACIO SB,11,,Lo Barnechea,13115,Santa Blanca N° 1996,,,,,
5,64,Alferez Real,noche,3,23:59,00:01,,,2-209 89 19,,2-209 89 19,1000,2016-04-05,STORE,14,,Providencia,13123,Avda. Manuel Montt N° 1140,,,,,
5,66,San Javier,noche,3,09:00,21:00,,,73 - 2- 323111,,73 - 2- 323111,1000,2016-04-05,MULTIF. GONDOLA,12,,San Javier,7406,Avda. Capitan Arturo Prat N° 2305,,,,,
5,67,Plaza Tobalaba,noche,3,10:00,21:30,,,2-875 12 88,,2-875 12 88,1000,2016-04-05,STORE,14,,Puente Alto,13201,Avda. Camilo Henríquez N° 3296 Local 173 177,,,,,
5,69,Arica 1,noche,3,08:30,22:30,,,58- 2- 258169,,58- 2- 258169,1000,2016-04-05,MULTIF. GONDOLA,12,,Arica,15101,Avda. 21 de Mayo N° 200,,,,,
5,70,Antofagasta 2,noche,3,09:00,22:00,,,55 - 2- 283374,,55 - 2- 283374,1000,2016-04-05,MULTIFUNCIONAL,13,,Antofagasta,2101,Manuel Antonio Matta N° 2483,,,,,
5,72,Puerto Montt 2,noche,3,10:00,21:00,,,65 - 2- 280931,,65 - 2- 280931,1000,2016-04-05,MULTIFUNCIONAL,13,,Puerto Montt,10101,Urmeneta N° 580 Local 106 (Interior Mall),,,,,
5,73,Las Condes,noche,3,09:00,23:00,,,2-371 16 29,,2-371 16 29,1000,2016-04-05,STORE,14,,Las Condes,13114,Avda. Las Condes N° 8231,,,,,
5,74,Valdivia 2,noche,3,09:00,22:00,,,63 - 225 64 20,,63 - 225 64 20,1000,2016-04-05,MULTIFUNCIONAL,13,,Valdivia,14101,Arauco N° 697,,,,,
5,75,Renca,noche,3,09:00,22:00,,,2-641 11 94,,2-641 75 63,1000,2016-04-05,STORE,14,,Renca,13128,Avda. Balmaceda N° 4168,,,,,
5,77,Parral,noche,3,09:00,20:30,,,73- 2- 464866,,,1000,2016-04-05,STORE,14,,Parral,7404,Anibal Pinto N° 650,,,,,
5,80,Puerto Montt 3,noche,3,09:00,23:45,,,65 - 2- 344089,,65 - 2- 344089,1000,2016-04-05,STORE,14,,Puerto Montt,10101,Antonio Varas N° 599,,,,,
5,81,Cuarto Centenario,noche,3,09:00,22:30,,,2-212 59 29,,2-212 59 29,1000,2016-04-05,STORE,14,,Las Condes,13114,Avda. Cuarto Centenario N° 933,,,,,
5,82,El Bosque,noche,3,08:00,21:00,,,2-246 59 91,,2-246 59 91,1000,2016-04-05,MULTIF. GONDOLA,12,,Las Condes,13114,Avda. El Bosque Norte N° 198,,,,,
5,83,Temuco 3,noche,3,09:00,23:45,,,45 - 2- 386259,,45 - 2- 386259,1000,2016-04-05,STORE,14,,Temuco,9101,Avda. Alemania N° 815,,,,,
5,85,Colón 3,noche,3,08:00,23:00,,,2-378 52 14,,2-378 52 14,1000,2016-04-05,STORE,14,,Las Condes,13114,Avda. Colón N° 6064,,,,,
5,89,Las Palmas,noche,3,08:30,21:30,,,2-362 16 87,,2-362 16 86,1000,2016-04-05,MULTIFUNCIONAL,13,,Providencia,13123,Avda. Providencia N° 2203,,,,,
5,90,Santa Cruz,noche,3,09:00,21:30,,,72 - 2- 821878,,72 - 2- 821878,1000,2016-04-05,STORE,14,,Santa Cruz,6310,Rafael Casanova N° 199 Esquina Casino,,,,,
5,91,Independencia,noche,3,09:00,21:00,,,2-444 08 12,,2-444 08 12,1000,2016-04-05,STORE,14,,Independencia,13108,Avda. Independencia N° 902 y 906,,,,,
5,92,Valparaíso 2,noche,3,08:30,21:30,,,32 - 2- 259754,,32 - 2- 259754,1000,2016-04-05,STORE,14,,Valparaíso,5101,Avda. Uruguay N° 375,,,,,
5,93,Los Militares,noche,3,08:30,23:00,,,2-212 92 02,,,1000,2016-04-05,STORE,14,,Las Condes,13114,Avda. Manquehue Norte N° 330,,,,,
5,94,Gran Avenida 1,noche,3,09:00,22:30,,,2-524 39 54,,2-524 39 54,1000,2016-04-05,STORE,14,,La Cisterna,13109,Gran Avenida. Jose Miguel Carrera N° 6701,,,,,
5,98,Los Libertadores,noche,3,08:00,23:59,,,2-745 54 94,,2-745 54 94,1000,2016-04-05,STORE,14,,Colina,13301,Carretera General San Martin KM.6.3,,,,,
5,99,Las Catalpas,noche,3,08:00,22:00,,,2-263 29 85,,2-263 29 85,1000,2016-04-05,STORE,14,,Vitacura,13132,Avda. Vitacura N°3303 Local 1,,,,,
5,100,Padre Hurtado,noche,3,00:01,23:59,,,2-224 82 48,,2-224 80 81,1000,2016-04-05,STORE,14,,Las Condes,13114,Avda. Padre Hurtado N° 40,,,,,
5,102,La Dehesa 2,noche,3,08:00,22:00,,,2-955 48 12,,2-955 48 12,1000,2016-04-05,STORE,14,,Las Condes,13114,Avda. La Dehesa N°2035 Local 1 y 1A,,,,,
5,103,Portal La Reina,noche,3,08:30,22:00,,,2-220 46 12,,2-220 46 12,1000,2016-04-05,MULTIFUNCIONAL,13,,Las Condes,13114,Avda. Francisco Bilbao N°8750 Local 3048,,,,,
5,104,Patio Huechuraba,noche,3,09:00,22:00,,,2-721 09 39,,2-721 09 39,1000,2016-04-05,STORE,14,,Huechuraba,13107,Avda. Pedro Fontova N°7777 Local 2,,,,,
5,105,Estado 2,noche,3,08:00,21:00,,,2-697 15 31,,2-697 15 31,1000,2016-04-05,MULTIFUNCIONAL,13,,Santiago,13101,Estado N° 54,,,,,
5,107,Mega Johnsons Maipú,noche,3,09:00,21:30,,,2- 7438196,,,1000,2016-04-05,STORE,14,,Maipú,13119,Avda. Américo Vespucio N° 339 Local 121,,,,,
5,108,Isabel La Católica,noche,3,09:00,22:00,,,2-206 40 08,,2-206 40 08,1000,2016-04-05,STORE,14,,Las Condes,13114,Avda. Américo Vespucio N° 1463,,,,,
5,109,Copec La Reina,noche,3,09:00,23:59,,,2-227 19 38,,2-227 19 38,1000,2016-04-05,MULTIF. GONDOLA,12,,La Reina,13113,Avda. Príncipe De Gales N° 6880,,,,,
5,112,Los Leones,noche,3,08:00,23:00,,,2-209 80 55,,2-209 80 55,1000,2016-04-05,STORE,14,,Providencia,13123,Avda. Los Leones N° 1185,,,,,
5,114,Mall Plaza Norte,noche,3,09:00,22:00,,,2-721 15 00,,2-721 15 00,1000,2016-04-05,MULTIFUNCIONAL,13,,Huechuraba,13107,Avda. Américo Vespucio N° 1737 Local N° 1005,,,,,
5,115,San Pascual,noche,3,08:00,22:30,,,2-246 24 21,,2-246 24 21,1000,2016-04-05,STORE,14,,Las Condes,13114,Avda. Apoquindo N° 4671,,,,,
5,116,Portal La Dehesa,noche,3,08:30,22:00,,,2-216 03 80,,2-216 03 80,1000,2016-04-05,ESPACIO SB,11,,Lo Barnechea,13115,Avda. La Dehesa N°1445 Local 1034,,,,,
5,117,San Jose de la Estrella,noche,3,09:00,21:30,,,2-329 04 40,,2-329 04 40,1000,2016-04-05,MULTIFUNCIONAL,13,,La Florida,13110,Avda. Santa Raquel N° 10390 Local A-1,,,,,
5,118,Copec Puente Alto,noche,3,08:00,23:00,,,2-267 65 25,,2-267 65 25,1000,2016-04-05,MULTIF. GONDOLA,12,,Puente Alto,13201,Avda. Camilo Henríquez N° 4583,,,,,
5,119,Mall Plaza Sur Boulevard,noche,3,10:00,21:30,,,2-857 81 07,,2-857 81 07,1000,2016-04-05,STORE,14,,San Bernardo,13401,Avda. Jorge Alessandri N°2004 L106-110,,,,,
5,120,Patio Vallegrande,noche,3,09:30,21:30,,,2- 738 69 86,,,1000,2016-04-05,STORE,14,,Lampa,13302,Avda. La Montaña esq. Carretera Gral San Martin,,,,,
5,121,Las Terrazas,noche,3,09:00,21:00,,,2-214 58 09,,2-214 99 54,1000,2016-04-05,MULTIF. GONDOLA,12,,Las Condes,13114,Las Terrazas N° 1203 - 1205,,,,,
5,123,Las Hualtatas,noche,3,08:30,22:00,,,2-201 27 60,,2-201 27 60,1000,2016-04-05,STORE,14,,Vitacura,13132,Gerónimo de Alderete n° 1280,,,,,
5,124,La Pintana,noche,3,09:30,21:30,,,2-545 37 94,,2-545 28 94,1000,2016-04-05,MULTIFUNCIONAL,13,,La Pintana,13112,Baldomero Lillo N° 1872 Pob. San Rafael,,,,,
5,125,Simon Bolivar,noche,3,08:30,22:30,,,2-343 06 33,,2-343 06 33,1000,2016-04-05,STORE,14,,Ñuñoa,13120,Avda. Chile España N°597,,,,,
5,126,Patio Ciudad del Sol,noche,3,10:00,21:00,,,IP 5126,,,1000,2016-04-05,STORE,14,,Puente Alto,13201,Juan de Dios Malebran N°1750 Local 5,,,,,
5,128,Antonio Varas,noche,3,09:00,22:00,,,2-274 26 88,,2-274 26 88,1000,2016-04-05,STORE,14,,Ñuñoa,13120,Avda. Antonio Varas N° 2108,,,,,
5,129,Quilicura,noche,3,09:00,22:00,,,2-607 22 26,,2-607 02 86,1000,2016-04-05,MULTIF. GONDOLA,12,,Quilicura,13125,Raimundo Romo N° 393,,,,,
5,130,Lo Espejo,noche,3,09:00,22:00,,,2-548 48 81,,2-548 48 81,1000,2016-04-05,MULTIFUNCIONAL,13,,El Bosque,13105,Avda. Jose Miguel Carrera N° 9501,,,,,
5,131,Patio Lo Blanco,noche,3,09:00,20:30,,,2-561 21 10,,,1000,2016-04-05,MULTIFUNCIONAL,13,,San Bernardo,13401,Avda. Padre Hurtado N°13310 Local 4,,,,,
5,132,Colón 4,noche,3,08:30,22:00,,,2-206 50 91,,2-206 76 09,1000,2016-04-05,STORE,14,,Las Condes,13114,Avda. Cristóbal Colón N° 4299 - 4317,,,,,
5,133,Alto Las Condes,noche,3,10:00,22:00,,,2-213 15 85,,2-213 15 85,1000,2016-04-05,STORE,14,,Las Condes,13114,Avda. Presidente Kennedy N° 9001 Local 2110,,,,,
5,135,Jumbo Bilbao,noche,3,08:00,22:00,,,2-206 25 81,,2-206 25 81,1000,2016-04-05,MULTIFUNCIONAL,13,,Las Condes,13114,Avda. Francisco Bilbao N°4144 Local 160,,,,,
5,136,Juan Moya,noche,3,09:00,22:00,,,2-752 28 01,,2-752 28 01,1000,2016-04-05,STORE,14,,Ñuñoa,13120,Avda. Irarrazaval N°4123,,,,,
5,138,Jose Domingo Cañas,noche,3,09:00,22:30,,,2-343 14 60,,2-343 14 60,1000,2016-04-05,STORE,14,,Ñuñoa,13120,Avda. Jose Domingo Cañas N° 1701,,,,,
5,139,Metro U. de Chile,noche,3,08:00,22:00,,,2-699 27 74,,2-699 27 74,1000,2016-04-05,MULTIFUNCIONAL,13,,Santiago,13101,Estación Metro U. de Chile Local 12,,,,,
5,140,Martín de Zamora,noche,3,08:00,22:00,,,2-228 66 93,,2-228 66 93,1000,2016-04-05,STORE,14,,Las Condes,13114,Martín de Zamora N°2911 al 2939,,,,,
5,141,Mall Plaza Sur,noche,3,09:00,21:30,,,2-857 81 06,,2-857 81 06,1000,2016-04-05,MULTIFUNCIONAL,13,,San Bernardo,13401,Avda. Jorge Alessandri N°20040 L-137-145,,,,,
5,143,Los Trapenses 1,noche,3,10:00,22:00,,,2-215 15 70,,2-215 15 70,1000,2016-04-05,MULTIF. GONDOLA,12,,Lo Barnechea,13115,Avda. Los Trapenses N° 3023 Local 8,,,,,
5,146,Consistorial,noche,3,09:00,22:00,,,2-758 03 69,,2-758 03 69,1000,2016-04-05,STORE,14,,Peñalolén,13122,Avda. Consistorial N° 3477 Local 9,,,,,
5,147,El Llano,noche,3,08:30,22:00,,,2-556 47 08,,2-556 47 08,1000,2016-04-05,MULTIF. GONDOLA,12,,San Miguel,13130,El Llano Subercaseaux N° 3519 Local 1018,,,,,
5,151,Mall Florida Center,noche,3,10:00,22:00,,,2-294 66 84,,,1000,2016-04-05,STORE,14,,La Florida,13110,Avda. Vicuña Mackenna N° 6100,,,,,
5,152,Líder Las Brujas,noche,3,09:00,21:00,,,2-758 55 65,,2-758 55 65,1000,2016-04-05,MULTIF. GONDOLA,12,,La Reina,13113,Avda. Príncipe de Gales N°9140 Local 214,,,,,
5,153,Portal Ñuñoa,noche,3,08:30,22:00,,,2-371 71 64,,2-371 71 64,1000,2016-04-05,MULTIFUNCIONAL,13,,Ñuñoa,13120,Avda. Jose Pedro Alessandri N°1163 Local 1014,,,,,
5,154,Nueva Costanera,noche,3,09:00,21:00,,,2-953 72 28,,,1000,2016-04-05,STORE,14,,Vitacura,13132,Avda. Nueva Costanera N°3885 - 3895,,,,,
5,155,Chicureo,noche,3,09:00,22:00,,,2-738 81 83,,2-738 81 83,1000,2016-04-05,STORE,14,,Colina,13301,Avda. Chicureo LT 2 C 3 Local D,,,,,
5,156,Mall Plaza Oeste,noche,3,10:00,21:30,,,2-898 47 80,,2-898 47 80,1000,2016-04-05,STORE,14,,Cerrillos,13102,Avda. Américo Vespucio N° 1501,,,,,
5,157,Strip Center Consistorial,noche,3,09:00,22:30,,,2-958 07 20,,,1000,2016-04-05,STORE,14,,Peñalolén,13122,Antupirén N°8340 Local 1,,,,,
5,158,Líder Plaza San Carlos,noche,3,08:30,22:00,,,2-214 94 58,,2-214 94 58,1000,2016-04-05,MULTIFUNCIONAL,13,,Las Condes,13114,Avda. La Plaza Nº 590 L-11,,,,,
5,159,Mall Paseo Arauco Estació,noche,3,08:00,22:00,,,2-442 00 25,,2-442 00 25,1000,2016-04-05,MULTIFUNCIONAL,13,,Estación Central,13106,San Francisco de Borja Nº 122 B-174 Y 176,,,,,
5,161,Cabildo,noche,3,09:00,21:00,,,2-221 34 48,,2-221 34 48,1000,2016-04-05,MULTIFUNCIONAL,13,,La Florida,13110,Cabildo N° 166,,,,,
5,162,Neptuno,noche,3,08:30,21:30,,,2-773 27 70,,2-773 27 70,1000,2016-04-05,MULTIFUNCIONAL,13,,Lo Prado,13117,San Pablo N° 6183,,,,,
5,163,Rojas Magallanes,noche,3,08:30,22:00,,,2-287 27 62,,2-287 27 62,1000,2016-04-05,STORE,14,,La Florida,13110,Avda. Rojas Magallanes N° 1280,,,,,
5,164,Suecia Nuñoa,noche,3,08:30,22:30,,,2-209 68 82,,,1000,2016-04-05,STORE,14,,Ñuñoa,13120,"Avda. Suecia N° 3071, Esquina Sucre",,,,,
5,166,Maipú Pumay,noche,3,08:00,21:30,,,2-534 08 05,,2-534 08 05,1000,2016-04-05,MULTIFUNCIONAL,13,,Maipú,13119,Avda. 5 de Abril N° 27,,,,,
5,167,Jumbo Maipú,noche,3,09:00,22:00,,,2-743 17 70,,2-743 17 70,1000,2016-04-05,MULTIFUNCIONAL,13,,Maipú,13119,Avda. Américo Vespucio N° 1001 L- 1015,,,,,
5,168,Macul Quilín,noche,3,09:00,22:30,,,2-283 04 97,,2-283 04 97,1000,2016-04-05,MULTIF. GONDOLA,12,,Macúl,13118,Avda. Macul N° 3430 Local 1,,,,,
5,169,Quinchamalí,noche,3,09:00,22:00,,,2-215 26 74,,2-215 26 74,1000,2016-04-05,MULTIF. GONDOLA,12,,Las Condes,13114,"Avda. Las Condes N° 14184, 14151 local 1",,,,,
5,171,Mall del Centro,noche,3,10:00,21:00,,,2-469 53 74,,2-469 53 74,1000,2016-04-05,MULTIFUNCIONAL,13,,Santiago,13101,Calle Puente N° 689 LOCAL .119,,,,,
5,172,San Bernardo,noche,3,09:00,22:00,,,2-859 60 39,,2-859 60 39,1000,2016-04-05,STORE,14,,San Bernardo,13401,Eyzaguirre N° 599,,,,,
5,173,Luis Thayer Ojeda,noche,3,08:00,22:00,,,2-333 07 95,,2-333 07 95,1000,2016-04-05,MULTIFUNCIONAL,13,,Providencia,13123,Avda. Providencia N° 2593,,,,,
5,174,Mall Plaza Alameda,noche,3,10:00,21:30,,,2-898 78 33,,2-898 78 33,1000,2016-04-05,MULTIFUNCIONAL,13,,Estación Central,13106,Avda. Libertador Bernardo Ohiggins N°3470 L- 101-103-105-107,,,,,
5,175,Mall Arauco Maipú,noche,3,10:30,21:30,,,2-376 20 08,,2-376 20 08,1000,2016-04-05,STORE,14,,Maipú,13119,Avda. Américo Vespucio N° 399 L.311-313-315,,,,,
5,176,Fleming,noche,3,09:00,22:00,,,2-248 21 63,,2-248 21 63,1000,2016-04-05,STORE,14,,Las Condes,13114,Alexander Fleming N°8898 L 3-4-5,,,,,
5,177,Warren Smith,noche,3,08:30,21:30,,,2-220 45 02,,2-220 45 02,1000,2016-04-05,MULTIFUNCIONAL,13,,Las Condes,13114,Avda. Apoquindo N°5240 L-2,,,,,
5,178,Gran Avenida 3,noche,3,09:00,22:00,,,2-558 53 37,,,1000,2016-04-05,MULTIF. GONDOLA,12,,La Cisterna,13109,Gran Avenida N° 8877,,,,,
5,179,Copiapó,noche,3,09:00,22:00,,,52 - 2- 219975,,,1000,2016-04-05,STORE,14,,Copiapó,3101,Maipú N° 355,,,,,
5,180,La Reina 1,noche,3,08:00,23:00,,,2-275 96 63,,,1000,2016-04-05,STORE,14,,La Reina,13113,Carlos Ossandón Nº 1300,,,,,
5,182,Gran Avenida 2° Avenida,noche,3,09:00,22:00,,,2-524 39 45,,,1000,2016-04-05,STORE,14,,San Miguel,13130,Gran Avenida N° 5617-5627,,,,,
5,183,Rubén Dario/Larraín,noche,3,09:00,21:30,,,2- 2274691,,,1000,2016-04-05,STORE,14,,La Reina,13113,Avda. Larraín N° 6563,,,,,
5,184,María Elena,noche,3,09:00,21:30,,,2-288 57 78,,,1000,2016-04-05,STORE,14,,La Florida,13110,Avda. Vicuña Mackenna N° 11091,,,,,
5,185,Unimarc Maipú,noche,3,09:45,22:00,,,2-535 92 97,,,1000,2016-04-05,MULTIF. GONDOLA,12,,Maipú,13119,Avda. Jorge Andres Guerra N° 16190 L-1,,,,,
5,186,Intermodal,noche,3,08:00,22:00,,,2-558 15 68,,2-558 15 68,1000,2016-04-05,MULTIFUNCIONAL,13,,La Cisterna,13109,Avda. Américo Vespucio N° 33 L-120 y 121,,,,,
5,187,Tobalaba,noche,3,09:00,22:30,,,2- 758 11 95,,2- 758 11 95,1000,2016-04-05,STORE,14,,Peñalolén,13122,Avda. Tobalaba N° 12175 Local 101,,,,,
5,188,SMU La Florida,noche,3,10:00,22:00,,,2-294 03 94,,,1000,2016-04-05,MULTIFUNCIONAL,13,,La Florida,13110,Avda. Vicuña Mackenna N°6331 L-5,,,,,
5,190,Lyon,noche,3,09:00,22:00,,,2-209 19 61,,,1000,2016-04-05,STORE,14,,Providencia,13123,Lyon N° 1848,,,,,
5,191,Teatinos,noche,3,09:00,21:00,,,9- 2245109,,,1000,2016-04-05,MULTIF. GONDOLA,12,,Santiago,13101,Teatinos N° 316,,,,,
5,192,SMU Los Militares,noche,3,08:30,22:00,,,2-370 15 11,,2-370 15 11,1000,2016-04-05,MULTIF. GONDOLA,12,,Las Condes,13114,Avda. Manquehue N° 457 L-1,,,,,
5,193,Pirque,noche,3,10:00,21:45,,,2-853 03 61,,2-853 03 61,1000,2016-04-05,MULTIF. GONDOLA,12,,Pirque,13202,Ramón Subercaseaux N°230,,,,,
5,194,Apoquindo,noche,3,08:00,22:00,,,2-233 94 53,,,1000,2016-04-05,STORE,14,,Las Condes,13114,Avda. Apoquindo N° 3365 L-2,,,,,
5,195,SMU Buin,noche,3,09:00,21:00,,,2-824 65 38,,2-824 65 38,1000,2016-04-05,MULTIF. GONDOLA,12,,Buin,13402,Avda. Buin Maipo N° 3147 L-4,,,,,
5,196,Jumbo Puente Alto,noche,3,08:30,22:00,,,2-295 37 95,,2-295 37 95,1000,2016-04-05,MULTIF. GONDOLA,12,,Puente Alto,13201,Avda. Concha y Toro N° 3854 L-1053,,,,,
5,197,Melipilla 3,noche,3,08:30,23:00,,,2-831 81 35,,,1000,2016-04-05,STORE,14,,Melipilla,13501,Plaza de Armas N° 489,,,,,
5,198,Mall Plaza Norte 2,noche,3,10:00,21:30,,,2-586 05 11,,2-586 05 11,1000,2016-04-05,ESPACIO SB,11,,Huechuraba,13107,"Avda. Américo Vespucio N° 1737 L- P-1285, P-1281",,,,,
5,199,Los Dominicos,noche,3,08:30,22:00,,,5- 3347098,,,1000,2016-04-05,ESPACIO SB,11,,Las Condes,13114,Patagonia N° 99,,,,,
5,200,La Botica,noche,3,08:00,21:00,,,2-671 51 36,,,1000,2016-04-05,BOTICA,10,,Santiago,13101,Huérfanos N° 1199 Esq. Morande,,,,,
5,201,Mall Marina Arauco,noche,3,10:30,21:30,,,32 - 2- 688074,,32 - 2- 688074,1000,2016-04-05,STORE,14,,Viña del Mar,5109,Libertad N° 1348 Local 39,,,,,
5,203,Alameda 1,noche,3,08:00,22:00,,,2-698 65 64,,2-698 65 64,1000,2016-04-05,MULTIFUNCIONAL,13,,Santiago,13101,Avda. Libertador Bernardo Ohiggins N° 965,,,,,
5,205,Providencia 2,noche,3,09:00,21:00,,,2-334 37 47,,2-334 37 47,1000,2016-04-05,MULTIFUNCIONAL,13,,Providencia,13123,Providencia N° 2295,,,,,
5,207,Monjitas,noche,3,11:00,20:00,,,2-632 94 19,,2-632 94 19,1000,2016-04-05,MULTIFUNCIONAL,13,,Santiago,13101,Monjitas N° 855,,,,,
5,209,Viña del Mar 3,noche,3,09:00,22:00,,,32 - 2- 465189,,32 - 2- 465189,1000,2016-04-05,MULTIFUNCIONAL,13,,Viña del Mar,5109,Avda. Valparaíso N° 490,,,,,
5,210,Vitacura 4,noche,3,08:30,22:00,,,2-207 44 30,,2-207 44 30,1000,2016-04-05,STORE,14,,Vitacura,13132,Avda. Vitacura N° 3920,,,,,
5,213,Rancagua 4,noche,3,08:30,21:00,,,72 - 2- 228214,,72 - 2- 228214,1000,2016-04-05,STORE,14,,Rancagua,6101,Avda. Independencia N° 615,,,,,
5,220,Gran Avenida 2,noche,3,08:00,22:00,,,2-556 33 71,,2-555 76 57,1000,2016-04-05,MULTIFUNCIONAL,13,,San Miguel,13130,Gran Avenida N°4004,,,,,
5,222,Ahumada 2,noche,3,08:00,22:00,,,2-672 04 14,,2-672 99 69,1000,2016-04-05,MULTIFUNCIONAL,13,,Santiago,13101,Ahumada N° 389,,,,,
5,224,Irarrázaval 2,noche,3,09:00,21:00,,,2-204 58 74,,2-204 58 74,1000,2016-04-05,MULTIFUNCIONAL,13,,Ñuñoa,13120,Avda. Irarrázaval N° 2710,,,,,
5,226,Viña del Mar 4,noche,3,09:00,22:00,,,32 - 2- 465191,,32 - 2- 465191,1000,2016-04-05,STORE,14,,Viña del Mar,5109,Avda. Valparaíso N° 344,,,,,
5,230,Rancagua 5,noche,3,09:00,21:30,,,72 - 2- 216394,,72 - 2- 216394,1000,2016-04-05,MULTIF. GONDOLA,12,,Rancagua,6101,Avda. Nueva Einstein N° 287 Local 110,,,,,
5,232,Salvador,noche,3,08:00,21:00,,,2-374 98 27,,2-374 98 27,1000,2016-04-05,MULTIFUNCIONAL,13,,Providencia,13123,Avda. Salvador N°95 Local 1,,,,,
5,239,Estación Central 3,noche,3,08:00,22:00,,,2-779 95 03,,2-779 95 03,1000,2016-04-05,MULTIFUNCIONAL,13,,Estación Central,13106,Avda. Libertador Bernardo Ohiggins N° 3250,,,,,
5,241,Villa Alemana 2,noche,3,09:00,21:30,,,32 - 2- 531764,,32 - 2- 531764,1000,2016-04-05,MULTIFUNCIONAL,13,,Villa Alemana,5804,Avda. Latorre N° 13,,,,,
5,242,Moneda,noche,3,08:00,21:00,,,2-688 40 10,,2-688 40 10,1000,2016-04-05,MULTIFUNCIONAL,13,,Santiago,13101,Moneda N° 1040,,,,,
5,243,La Calera,noche,3,09:00,21:30,,,33 - 2- 225450,,33 - 2- 225450,1000,2016-04-05,STORE,14,,Calera,5502,José Joaquín Pérez N° 205,,,,,
5,247,Valdivia 3,noche,3,09:00,23:59,,,63 - 225 55 50,,63 - 225 55 52,1000,2016-04-05,STORE,14,,Valdivia,14101,Picarte N° 301,,,,,
5,250,San Vicente,noche,3,09:00,21:00,,,72 - 2- 572374,,72 - 2- 572374,1000,2016-04-05,STORE,14,,San Vicente Tagua Tagua,6117,Germán Riesco N° 902,,,,,
5,251,Líder Los Andes,noche,3,10:00,21:30,,,34- 2- 370305,,,1000,2016-04-05,MULTIF. GONDOLA,12,,Los Andes,5301,Santa Teresa N°683 Local 104-106,,,,,
5,252,San Martín,noche,3,09:00,21:00,,,41 - 2- 214382,,41 - 2- 214382,1000,2016-04-05,STORE,14,,Concepción,8101,San Martín N° 661,,,,,
5,253,Constitución 2,noche,3,09:00,21:00,,,71- 2- 671141,,,1000,2016-04-05,STORE,14,,Constitución,8101,Freire N° 586,,,,,
5,254,Calama 2,noche,3,09:00,22:30,,,55 - 2- 312571,,,1000,2016-04-05,MULTIFUNCIONAL,13,,Calama,2201,Eleuterio Ramírez N° 2031,,,,,
5,255,Tomé,noche,3,08:30,22:30,,,41 - 2- 655875,,41 - 2- 655875,1000,2016-04-05,STORE,14,,Tome,8111,Manuel Montt N° 1077 - 1079,,,,,
5,257,Lota,noche,3,09:00,21:30,,,41 - 2- 870371,,41 - 2- 870371,1000,2016-04-05,STORE,14,,Lota,8106,Pedro Aguirre Cerda N° 681,,,,,
5,258,Bocaccio,noche,3,09:00,22:00,,,2-211 54 19,,,1000,2016-04-05,ESPACIO SB,11,,Las Condes,13114,Padre Hurtado N° 751,,,,,
5,259,Puente Alto 2,noche,3,09:00,22:00,,,2-850 14 88,,2-850 14 88,1000,2016-04-05,STORE,14,,Puente Alto,13201,Avda. Concha y Toro N° 242,,,,,
5,262,Príncipe de Gales,noche,3,09:00,23:00,,,2- 2262034,,2- 2262034,1000,2016-04-05,STORE,14,,La Reina,13113,Príncipe de Gales N° 7215,,,,,
5,263,11-09-2015,noche,3,08:00,22:00,,,2-264 22 72,,2-264 22 72,1000,2016-04-05,STORE,14,,Providencia,13123,Nueva Providencia N° 1355,,,,,
5,264,La Florida 3,noche,3,08:30,21:30,,,2-755 53 51,,2-755 53 51,1000,2016-04-05,MULTIFUNCIONAL,13,,La Florida,13110,Avda.Vicuña Mackenna N° 7304 - 7308 Local 24 - 25,,,,,
5,265,Las Rejas,noche,3,08:00,22:00,,,2-776 39 76,,2-776 39 76,1000,2016-04-05,MULTIFUNCIONAL,13,,Lo Prado,13117,Avda. Libertador Bernardo Ohiggins N° 5155,,,,,
5,266,J.J.Aguirre,noche,3,08:30,20:00,,,2-444 08 20,,2-444 08 20,1000,2016-04-05,MULTIFUNCIONAL,13,,Recoleta,13127,Santos Dumont N° 999,,,,,
5,268,Alameda 3,noche,3,08:30,20:00,,,2-460 86 84,,2-460 86 84,1000,2016-04-05,MULTIFUNCIONAL,13,,Santiago,13101,Avda. Libertador Bernardo Ohiggins N° 1511,,,,,
5,269,Puente Alto 3,noche,3,09:00,19:00,,,2-289 71 64,,2-289 71 64,1000,2016-04-05,MULTIFUNCIONAL,13,,Puente Alto,13201,Avda.Concha y Toro N° 3779,,,,,
5,270,Portal Rancagua,noche,3,08:30,22:00,,,72- 2- 217003,,,1000,2016-04-05,STORE,14,,Rancagua,6101,Carretera El Cobre Presidente Frei N°750 L1069,,,,,
5,271,Gran Avenida 4,noche,3,08:30,19:00,,,2-521 35 99,,2-521 35 99,1000,2016-04-05,MULTIFUNCIONAL,13,,San Miguel,13130,Avda. Jose Miguel Carrera N° 5728,,,,,
5,272,Maipú 2,noche,3,09:00,20:30,,,2-531 22 75,,2-531 22 75,1000,2016-04-05,MULTIFUNCIONAL,13,,Maipú,13119,Alberto Llona N°1770,,,,,
5,273,Providencia 4,noche,3,08:45,18:00,,,2-234 52 80,,2-234 52 80,1000,2016-04-05,MULTIFUNCIONAL,13,,Providencia,13123,Avda.11 de Septiembre N° 1910,,,,,
5,274,La Florida 4,noche,3,08:30,19:00,,,2-375 11 93,,2-375 11 93,1000,2016-04-05,MULTIFUNCIONAL,13,,La Florida,13110,Avda.Vicuña Mackenna N° 7747,,,,,
5,275,Tabancura 2,noche,3,08:30,20:00,,,2-215 92 89,,2-215 92 89,1000,2016-04-05,MULTIFUNCIONAL,13,,Vitacura,13132,Avda.Tabancura N° 1141,,,,,
5,276,Megasalud Ñuñoa,noche,3,09:00,19:00,,,2-269 34 25,,2-269 34 25,1000,2016-04-05,MULTIFUNCIONAL,13,,Ñuñoa,13120,Irarrázaval N° 2305,,,,,
5,278,El Rodeo,noche,3,09:00,22:00,,,2-216 60 09,,2-216 60 09,1000,2016-04-05,STORE,14,,Lo Barnechea,13115,El Rodeo N° 13442,,,,,
5,280,Villarrica,noche,3,09:00,21:30,,,45 - 2- 413803,,45 - 2- 413803,1000,2016-04-05,MULTIFUNCIONAL,13,,Villarrica,9120,Saturnino Epulef N°1505,,,,,
5,282,Ahumada 3,noche,3,08:00,22:00,,,2-697 29 16,,2-697 29 16,1000,2016-04-05,MULTIFUNCIONAL,13,,Santiago,13101,Ahumada N° 101,,,,,
5,283,Viña del Mar,noche,3,09:00,21:00,,,32 - 2- 699160,,32 - 2- 699160,1000,2016-04-05,MULTIF. GONDOLA,12,,Viña del Mar,5109,Avda. Valparaíso N°730,,,,,
5,284,Los Ángeles/Av.Alemania,noche,3,09:00,21:30,,,43 - 2- 325392,,43 - 2- 325392,1000,2016-04-05,STORE,14,,Los Ángeles,8301,Avda. Alemania N°600 Local 1,,,,,
5,285,Plaza Atenas,noche,3,08:00,22:00,,,2-224 59 63,,2-224 59 63,1000,2016-04-05,MULTIFUNCIONAL,13,,Las Condes,13114,Cuarto Centenario N° 1016,,,,,
5,287,La Florida 1,noche,3,08:30,23:30,,,2-281 39 35,,2-281 39 35,1000,2016-04-05,STORE,14,,La Florida,13110,Avda. Vicuña Mackenna N° 9101,,,,,
5,288,Huérfanos,noche,3,08:00,22:00,,,2-638 90 49,,2-638 90 49,1000,2016-04-05,STORE,14,,Santiago,13101,Huérfanos N° 900,,,,,
5,289,Lomas de San Andrés,noche,3,09:00,22:00,,,41 - 2- 484137,,41 - 2- 484137,1000,2016-04-05,MULTIF. GONDOLA,12,,Concepción,8101,Ramón Carrasco N° 292 - 294,,,,,
5,290,Deca Coquimbo,noche,3,09:00,22:00,,,51 - 2- 317668,,51 - 2- 317668,1000,2016-04-05,MULTIFUNCIONAL,13,,Coquimbo,4102,Varela N°1480 L-6,,,,,
5,291,Andalue,noche,3,09:00,22:00,,,2- 4227100,,,1000,2016-04-05,ESPACIO SB,11,,Concepción,8101,"San Pedro de la Paz, Camino el Venado N° 716",,,,,
5,292,Tottus San Francisco,noche,3,08:30,22:00,,,72 - 2- 717091,,72 - 2- 717091,1000,2016-04-05,MULTIFUNCIONAL,13,,San Fernando,6301,Carampangue Nº 681 L- 4 y 5,,,,,
5,293,Villarrica 3,noche,3,09:00,22:00,,,45 - 2- 416757,,45 - 2- 416757,1000,2016-04-05,STORE,14,,Villarrica,9120,Camilo Henríquez N° 288-298 / Local 5 y 6,,,,,
5,294,Condell,noche,3,09:00,21:00,,,32 - 2- 233451,,32 - 2- 233451,1000,2016-04-05,MULTIFUNCIONAL,13,,Valparaíso,5101,Condell N° 1289,,,,,
5,295,Los Andes 3,noche,3,09:00,22:00,,,34 - 2- 403281,,34 - 2- 403281,1000,2016-04-05,STORE,14,,Los Andes,5301,Calle Maipú N° 332,,,,,
5,297,Unimarc Villa Alemana,noche,3,09:00,22:00,,,32 - 2- 944340,,,1000,2016-04-05,MULTIF. GONDOLA,12,,Villa Alemana,5804,Avda. Valparaíso N°1982 L-7 Centro Comercial Villa Alemana,,,,,
5,299,Antofagasta Clinica,noche,3,08:30,22:00,,,55- 2- 252887,,55- 2- 252887,1000,2016-04-05,MULTIFUNCIONAL,13,,Antofagasta,2101,Coquimbo N° 712,,,,,
5,300,Limache,noche,3,09:00,22:00,,,33 - 2- 415298,,33 - 2- 415298,1000,2016-04-05,STORE,14,,Limache,5802,Urmeneta N° 68,,,,,
5,301,San Felipe 1,noche,3,08:00,22:00,,,34 - 2- 518407,,34 - 2- 518407,1000,2016-04-05,STORE,14,,San Felipe,5701,Combate de las Coimas N° 210,,,,,
5,302,Quillota 2,noche,3,09:00,21:00,,,33 - 2- 316752,,33 - 2- 316752,1000,2016-04-05,MULTIFUNCIONAL,13,,Quillota,5501,Freire N° 90,,,,,
5,303,San Fernando 2,noche,3,10:00,20:00,,,72 - 2- 712819,,72 - 2- 712819,1000,2016-04-05,MULTIF. GONDOLA,12,,San Fernando,6301,Manuel Rodríguez N° 755,,,,,
5,305,Los Andes 2,noche,3,09:00,21:30,,,34 - 2- 407078,,34 - 2- 407078,1000,2016-04-05,MULTIF. GONDOLA,12,,Los Andes,5301,Esmeralda N° 299,,,,,
5,309,Curicó 1,noche,3,09:00,21:00,,,75 - 2- 318433,,75 - 2- 318433,1000,2016-04-05,STORE,14,,Curicó,7301,Yungay N° 619 - 621,,,,,
5,311,Linares,noche,3,09:00,22:00,,,73 -2- 223759,,73 -2- 223759,1000,2016-04-05,STORE,14,,Linares,7401,Independencia N° 495,,,,,
5,313,Puerto Montt 4,noche,3,08:30,21:30,,,65 - 2- 259440,,65 - 2- 259440,1000,2016-04-05,MULTIF. GONDOLA,12,,Puerto Montt,10101,Antonio Varas N°549,,,,,
5,314,La Serena 3,noche,3,09:00,22:00,,,51 - 2- 212060,,51 - 2- 212060,1000,2016-04-05,MULTIFUNCIONAL,13,,La Serena,4101,Cienfuegos N° 491,,,,,
5,317,Concepción 6,noche,3,09:00,21:00,,,41 - 2- 227048,,41 - 2- 227048,1000,2016-04-05,STORE,14,,Concepción,8101,Barros Arana N° 779,,,,,
5,318,Ovalle 2,noche,3,09:00,22:00,,,53 - 2- 622961,,53 - 2- 622961,1000,2016-04-05,STORE,14,,Ovalle,4301,Vicuña Mackenna N° 46,,,,,
5,319,Temuco 5,noche,3,09:00,22:00,,,45 - 2- 237144,,45 - 2- 237144,1000,2016-04-05,STORE,14,,Temuco,9101,Bulnes N° 532,,,,,
5,322,Arica 2,noche,3,09:00,23:00,,,58 -2- 25 52 74,,,1000,2016-04-05,MULTIF. GONDOLA,12,,Arica,15101,Colón N° 598,,,,,
5,324,Jumbo Talca,noche,3,09:00,22:00,,,71 - 2- 510147,,71 - 2- 510147,1000,2016-04-05,STORE,14,,Talca,7101,El Arenal N°411 Local 1010,,,,,
5,325,Calama 1,noche,3,09:00,22:30,,,55- 2- 310275,,55- 2- 310275,1000,2016-04-05,MULTIFUNCIONAL,13,,Calama,2201,Latorre N° 1987,,,,,
5,326,Antofagasta 3,noche,3,08:30,21:30,,,55 - 2- 227195,,55 - 2- 227195,1000,2016-04-05,MULTIFUNCIONAL,13,,Antofagasta,2101,Matta N° 2441,,,,,
5,328,Iquique 2,noche,3,09:00,22:30,,,57- 2- 421276,,57- 2- 421276,1000,2016-04-05,MULTIFUNCIONAL,13,,Iquique,1101,Vivar N° 761 - 765,,,,,
5,329,Curicó 2,noche,3,09:00,21:00,,,75 - 2- 322176,,75 - 2- 322176,1000,2016-04-05,STORE,14,,Curicó,7301,Peña N°856,,,,,
5,330,San Carlos,noche,3,09:00,22:00,,,75 - 2- 322176,,42 - 2- 411476,1000,2016-04-05,STORE,14,,San Carlos,8416,Ignacio Serrano N° 593,,,,,
5,331,Cauquenes,noche,3,09:00,21:00,,,73 - 2- 513166,,73 - 2- 513166,1000,2016-04-05,STORE,14,,Cauquenes,7201,Victoria N°520,,,,,
5,333,Copiapó 2,noche,3,09:00,22:30,,,52 - 2- 213697,,52 - 2- 213697,1000,2016-04-05,MULTIF. GONDOLA,12,,Copiapó,3101,Colipi N° 484 L- G103-104,,,,,
5,334,Osorno 4,noche,3,10:00,20:00,,,64 - 2- 243222,,64 - 2- 243222,1000,2016-04-05,MULTIFUNCIONAL,13,,Osorno,10301,Eleuterio Ramírez N°1107,,,,,
5,335,Antofagasta 4,noche,3,08:30,23:00,,,55- 2- 224418,,55- 2- 224418,1000,2016-04-05,STORE,14,,Antofagasta,2101,Arturo Prat N° 553 - 555,,,,,
5,339,Talca 3,noche,3,09:00,21:00,,,71 - 2- 234647,,71 - 2- 234647,1000,2016-04-05,STORE,14,,Talca,7101,Uno Sur N°1696,,,,,
5,341,Concepción 7,noche,3,09:00,21:00,,,41- 2- 559489,,41- 2- 559489,1000,2016-04-05,MULTIFUNCIONAL,13,,Concepción,8101,Barros Arana N°709,,,,,
5,343,Iquique 3,noche,3,08:00,21:00,,,57- 2- 427157,,57- 2- 427157,1000,2016-04-05,MULTIFUNCIONAL,13,,Iquique,1101,Tarapacá N°538,,,,,
5,345,Villarrica 2,noche,3,09:00,22:00,,,45- 2- 413792,,45- 2- 413792,1000,2016-04-05,STORE,14,,Villarrica,9120,Camilo Henríquez N°547,,,,,
5,347,Los Ángeles 2,noche,3,09:00,22:00,,,43 - 2- 327543,,,1000,2016-04-05,STORE,14,,Los Ángeles,8301,Colón N°412,,,,,
5,348,Arica 3,noche,3,08:30,23:00,,,58 - 2- 253551,,58 - 2- 253551,1000,2016-04-05,STORE,14,,Arica,15101,21 de Mayo N°298-300,,,,,
5,349,Puerto Varas 2,noche,3,09:00,22:00,,,65 - 2- 235190,,65 - 2- 235190,1000,2016-04-05,STORE,14,,Puerto Varas,10109,Del Salvador N°400,,,,,
5,350,Talcahuano 2,noche,3,09:00,22:00,,,41 - 2- 482962,,41 - 2- 482962,1000,2016-04-05,STORE,14,,Talcahuano,8110,Bulevar Plaza del Trébol L-26,,,,,
5,351,Vallenar,noche,3,09:00,22:30,,,51 - 2- 611502,,51 - 2- 611502,1000,2016-04-05,STORE,14,,Vallenar,3301,Arturo Prat N°1120,,,,,
5,354,Iquique 4,noche,3,08:30,22:30,,,57- 2- 471143,,57- 2- 471143,1000,2016-04-05,STORE,14,,Iquique,1101,Tarapacá N° 671 - 683,,,,,
5,355,Osorno 5,noche,3,09:00,21:00,,,64 - 2- 253035,,64 - 2- 253035,1000,2016-04-05,STORE,14,,Osorno,10301,Eleuterio Ramírez N° 935,,,,,
5,356,San Antonio 2,noche,3,08:00,21:30,,,35 - 2- 213887,,,1000,2016-04-05,STORE,14,,San Antonio,5601,Centenario N° 102,,,,,
5,357,Punta Arenas 1,noche,3,09:00,22:00,,,61 - 2- 240973,,61 - 2- 240973,1000,2016-04-05,STORE,14,,Punta Arenas,12101,Avda. Bories N° 971 - 972,,,,,
5,358,Coronel,noche,3,09:00,21:30,,,41 - 2- 711577,,41 - 2- 772337,1000,2016-04-05,STORE,14,,Coronel,8102,Manuel Montt N° 401,,,,,
5,359,Coyhaique,noche,3,09:00,22:00,,,67 - 2- 210465,,67 - 2- 210460,1000,2016-04-05,MULTIF. GONDOLA,12,,Coyhaique,11101,Francisco Bilbao N° 326,,,,,
5,360,Punta Arenas 2,noche,3,09:00,22:00,,,61 - 2- 229241,,61 - 2- 229241,1000,2016-04-05,STORE,14,,Punta Arenas,12101,Avda. Bories N° 683,,,,,
5,361,Puerto Montt 5,noche,3,09:00,21:30,,,65 - 2- 344528,,65 - 2- 344528,1000,2016-04-05,MULTIFUNCIONAL,13,,Puerto Montt,10101,Juan Soler Manfredini N° 54 L 3-4,,,,,
5,362,Viña del Mar 5,noche,3,09:00,23:00,,,32 - 2- 696214,,32 - 2- 696214,1000,2016-04-05,STORE,14,,Viña del Mar,5109,Avda. Libertad N°1217 - 1223,,,,,
5,363,Valparaíso 4,noche,3,09:00,21:30,,,32 - 2- 459068,,32 - 2- 459068,1000,2016-04-05,STORE,14,,Valparaíso,5101,Avda. Pedro Montt N° 2050,,,,,
5,365,Talca 4,noche,3,09:00,22:00,,,71 - 2- 210012,,71 - 2- 210012,1000,2016-04-05,STORE,14,,Talca,7101,Uno Sur N°1201 L-3,,,,,
5,366,Viña del Mar 6,noche,3,09:00,22:00,,,32 - 2- 465193,,32 - 2- 465193,1000,2016-04-05,STORE,14,,Viña del Mar,5109,Avda. Valparaíso N° 612 - 619,,,,,
5,367,Castro 2,noche,3,08:30,22:30,,,65 - 2- 533589,,65 - 2- 533588,1000,2016-04-05,STORE,14,,Castro,10201,Avda. San Martín N° 369,,,,,
5,369,Temuco 6,noche,3,09:00,22:00,,,45 - 2- 219206,,45 - 2- 219206,1000,2016-04-05,MULTIFUNCIONAL,13,,Temuco,9101,Avda. Prieto Norte N° 320 L- 8,,,,,
5,370,Chillán 4,noche,3,08:00,23:59,,,42 - 2- 218167,,42 - 2- 218167,1000,2016-04-05,STORE,14,,Chillán,8401,El Roble N°699,,,,,
5,371,Concepción 9,noche,3,08:30,21:00,,,41 - 2- 218353,,41 - 2- 218353,1000,2016-04-05,STORE,14,,Concepción,8101,Freire N°707,,,,,
5,372,Mall Paseo del Pacífico,noche,3,10:00,21:00,,,35 - 2- 232297,,,1000,2016-04-05,STORE,14,,San Antonio,5601,Paseo Bellamar Nº 22 LC-14,,,,,
5,373,Curicó 4,noche,3,08:30,22:00,,,75 - 2- 329732,,75 - 2- 329732,1000,2016-04-05,STORE,14,,Curicó,7301,Prat N° 500,,,,,
5,374,Temuco 7,noche,3,09:00,21:00,,,45 - 2- 237321,,45 - 2- 237321,1000,2016-04-05,STORE,14,,Temuco,9101,Manuel Montt N° 701 - 725,,,,,
5,376,Las Heras,noche,3,09:00,23:59,,,32 - 2- 229636,,32 - 2- 229636,1000,2016-04-05,STORE,14,,Valparaíso,5101,Avda. Pedro Montt N° 1898,,,,,
5,377,Temuco 8,noche,3,09:00,21:00,,,45 - 2- 210894,,45 - 2- 210894,1000,2016-04-05,STORE,14,,Temuco,9101,Manuel Rodríguez N° 911,,,,,
5,378,Reñaca,noche,3,09:00,22:00,,,32 - 2- 833912,,32 - 2- 833912,1000,2016-04-05,MULTIF. GONDOLA,12,,Reñaca (Viña del Mar),5109,Avda. Borgono N°14410,,,,,
5,379,Rancagua Inaudito,noche,3,08:30,22:00,,,72 - 2- 229566,,72 - 2- 229566,1000,2016-04-05,STORE,14,,Rancagua,6101,Paseo Indepedencia N° 548-566,,,,,
5,380,Mall Plaza Los Ángeles,noche,3,10:00,21:30,,,43 - 2- 349870,,43 - 2- 349870,1000,2016-04-05,MULTIF. GONDOLA,12,,Los Ángeles,8301,Mensoza N° 477 Local 117-120,,,,,
5,381,Viña Inaudito,noche,3,09:30,22:00,,,32 - 2- 695892,,32 - 2- 695892,1000,2016-04-05,MULTIF. GONDOLA,12,,Viña del Mar,5109,Avda. Valparaíso N° 532-536,,,,,
5,382,Libertad 2,noche,3,09:00,23:00,,,32 - 2- 691341,,32 - 2- 690977,1000,2016-04-05,STORE,14,,Viña del Mar,5109,Avda. Libertad N° 800 - 828,,,,,
5,383,Copec Iquique,noche,3,08:00,23:59,,,57 - 2- 518649,,57 - 2- 518649,1000,2016-04-05,MULTIF. GONDOLA,12,,Iquique,1101,Avda. 11 de Septiembre N°1732,,,,,
5,384,Lider Antofagasta,noche,3,09:00,22:30,,,55 - 2- 497521,,55 - 2- 497521,1000,2016-04-05,MULTIFUNCIONAL,13,,Antofagasta,2101,Centeno N°21,,,,,
5,386,Llolleo,noche,3,09:00,21:00,,,35 - 2- 286174,,35 - 2- 286174,1000,2016-04-05,MULTIF. GONDOLA,12,,San Antonio,5601,Avda. Providencia N° 102 L- 3,,,,,
5,387,Talachuano 3,noche,3,09:00,21:00,,,41- 2- 428011,,,1000,2016-04-05,STORE,14,,Talcahuano,8110,Colón N° 236,,,,,
5,388,Líder Chillán,noche,3,08:30,22:00,,,42 - 2- 279401,,42 - 2- 279401,1000,2016-04-05,MULTIFUNCIONAL,13,,Chillán,8401,Avda. Paul Harris N°1155 L- 3,,,,,
5,390,San Pedro de La Paz,noche,3,08:30,22:00,,,41 - 2- 798823,,41 - 2- 798823,1000,2016-04-05,MULTIF. GONDOLA,12,,San Pedro de la Paz,8108,Pedro Aguirre Cerda N° 1055 L- 6,,,,,
5,391,Copec Las Salinas,noche,3,09:00,22:00,,,32 - 2- 691142,,32 - 2- 691142,1000,2016-04-05,MULTIF. GONDOLA,12,,Viña del Mar,5109,Jorge Montt N° 2300,,,,,
5,392,Copec Talcahuano,noche,3,08:30,22:00,,,41 - 2- 421719,,41 - 2- 421719,1000,2016-04-05,MULTIF. GONDOLA,12,,Talcahuano,8110,Autopista Talcahuano N° 7001,,,,,
5,393,Copec San Pedro,noche,3,08:30,22:00,,,41 - 2- 281774,,41 - 2- 281774,1000,2016-04-05,MULTIF. GONDOLA,12,,San Pedro de la Paz,8108,Los Canelos N° 79,,,,,
5,394,Mall Plaza Maule,noche,3,09:00,22:00,,,71 - 2- 260831,,71 - 2- 260831,1000,2016-04-05,STORE,14,,Talca,7101,Avda.Circunvalación Oriente N°1055 L-155 y 156,,,,,
5,395,Megasalud Viña del Mar,noche,3,09:00,19:00,,,32 - 2- 683206,,32 - 2- 683206,1000,2016-04-05,MULTIFUNCIONAL,13,,Viña del Mar,5109,3 Norte N° 464,,,,,
5,396,Plaza Perú,noche,3,08:30,21:00,,,41 - 2- 211276,,41 - 2- 211276,1000,2016-04-05,MULTIF. GONDOLA,12,,Concepción,8101,Plaza Perú N°111-115 L- 2 Y 3,,,,,
5,398,Chiguayante 1,noche,3,09:00,22:00,,,41 - 2- 356895,,41 - 2- 356895,1000,2016-04-05,MULTIFUNCIONAL,13,,Chiguayante,8103,Manuel Rodríguez N° 575,,,,,
5,399,Lider Puerto Montt,noche,3,09:00,22:00,,,65 - 2- 560332,,65 - 2- 560332,1000,2016-04-05,MULTIFUNCIONAL,13,,Puerto Montt,10101,"Monseñor Ramón Munita N°1625, Local 8 y 9",,,,,
5,400,Líder Osorno,noche,3,09:00,22:00,,,64 - 2- 269755,,64 - 2- 269755,1000,2016-04-05,MULTIFUNCIONAL,13,,Osorno,10301,René Soriano N°2855 L-2,,,,,
5,401,Coquimbo 2,noche,3,09:00,21:00,,,51 - 2- 316940,,51 - 2- 316940,1000,2016-04-05,MULTIFUNCIONAL,13,,Coquimbo,4102,Aldunate N° 1109,,,,,
5,402,Coquimbo 3,noche,3,09:00,21:00,,,51 - 2- 325347,,51 - 2- 325347,1000,2016-04-05,STORE,14,,Coquimbo,4102,Aldunate N° 1230,,,,,
5,404,Curicó,noche,3,09:00,22:00,,,75 - 2- 324023,,75 - 2- 324023,1000,2016-04-05,STORE,14,,Curicó,7301,Avda. España N° 703,,,,,
5,405,Mall Plaza Vespucio,noche,3,10:00,21:30,,,2-2- 4227100,,,1000,2016-04-05,MULTIF. GONDOLA,12,,La Florida,13110,Avda. VIicuña Mackenna Oriente N° 7110 Local 110,,,,,
5,406,Angol 2,noche,3,09:00,21:30,,,45 - 2- 715515,,45 - 2- 715515,1000,2016-04-05,STORE,14,,Angol,9201,Chorrillos N°402,,,,,
5,407,Mall Plaza Antofagasta,noche,3,10:00,22:00,,,55 - 2- 533347,,55 - 2- 533347,1000,2016-04-05,STORE,14,,Antofagasta,2101,Balmaceda N° 2355 L-161,,,,,
5,408,Jumbo La Serena,noche,3,08:30,22:00,,,51 - 2- 470530,,51 - 2- 470530,1000,2016-04-05,MULTIF. GONDOLA,12,,La Serena,4101,Parcela 69/Ruta 5 .Vega sur. L-1009,,,,,
5,409,Mall Center Curicó,noche,3,09:30,21:30,,,75 - 2- 544006,,75 - 2- 544005,1000,2016-04-05,STORE,14,,Curicó,7301,Avda. Bernardo Ohiggins N° 201 L- 72,,,,,
5,410,Jumbo Los Andes,noche,3,08:30,21:30,,,34 - 2- 421638,,34 - 2- 421638,1000,2016-04-05,MULTIFUNCIONAL,13,,Los Andes,5301,Avda. Argentina N° 805 L-1013,,,,,
5,411,Ancud,noche,3,09:00,21:00,,,65 - 2- 624287,,65 - 2- 624287,1000,2016-04-05,MULTIF. GONDOLA,12,,Ancud,10202,Pudeto N° 301,,,,,
5,412,Mall Plaza El Trebol,noche,3,10:30,21:30,,,41 - 2- 563717,,,1000,2016-04-05,STORE,14,,Talcahuano,8110,Avda. Jorge Alesandri N°3177-L B-116c/ B-114a,,,,,
5,413,La Serena 5,noche,3,09:00,22:00,,,51 - 2- 217834,,51 - 2- 217834,1000,2016-04-05,STORE,14,,La Serena,4101,Gregorio Cordovez N° 601,,,,,
5,414,Santa Isabel Osorno,noche,3,09:00,21:30,,,64 - 2- 428274,,64 - 2- 428274,1000,2016-04-05,MULTIFUNCIONAL,13,,Osorno,10301,"Alonso de Ercilla N°1075, L-1868",,,,,
5,415,Megasalud Calama,noche,3,08:30,21:30,,,55 - 2- 364481,,55 - 2- 364481,1000,2016-04-05,MULTIF. GONDOLA,12,,Calama,2201,Avda. Graneros N°1464,,,,,
5,416,Mall Center Calama,noche,3,09:30,22:00,,,55 - 2- 362795,,55 - 2- 362795,1000,2016-04-05,STORE,14,,Calama,2201,Balmaceda N° 3242 L-104,,,,,
5,417,Iquique 5,noche,3,09:00,21:30,,,57- 2- 473557,,57- 2- 473557,1000,2016-04-05,STORE,14,,Iquique,1101,Tarapacá N° 521,,,,,
5,418,Chillán,noche,3,08:30,22:00,,,42 - 2- 214413,,,1000,2016-04-05,MULTIF. GONDOLA,12,,Chillán,8401,Francisco Ramírez N°1 Esquina Avda. Argentina,,,,,
5,419,Quillota,noche,3,09:30,21:30,,,33 - 2- 269530,,33 - 2- 269530,1000,2016-04-05,MULTIF. GONDOLA,12,,Quillota,5501,Chacabuco N° 299 L-13,,,,,
5,420,Antofagasta 7,noche,3,09:00,22:00,,,55- 2- 267900,,55- 2- 267900,1000,2016-04-05,MULTIFUNCIONAL,13,,Antofagasta,2101,Prat N°582-598,,,,,
5,421,Patio Bosquemar,noche,3,09:00,22:00,,,41 - 2- 392320,,41 - 2- 392320,1000,2016-04-05,STORE,14,,San Pedro de la Paz,8108,Avda. Portal de San Pedro N°6950,,,,,
5,422,Jumbo Valparaíso,noche,3,08:30,22:30,,,32 - 2- 229841,,32 - 2- 229841,1000,2016-04-05,MULTIFUNCIONAL,13,,Valparaíso,5101,Avda. Argentina N°51 L- 2017,,,,,
5,423,Antofagasta Casa Gimenez,noche,3,09:00,22:30,,,55 - 2- 287907,,,1000,2016-04-05,STORE,14,,Antofagasta,2101,Manuel Antonio Matta N° 2503,,,,,
5,424,Líder Rancagua,noche,3,08:30,22:00,,,72 - 2- 740665,,,1000,2016-04-05,MULTIFUNCIONAL,13,,Rancagua,6101,Recreo N°620,,,,,
5,426,Unimarc Constitución,noche,3,09:00,21:00,,,71 - 2- 670361,,,1000,2016-04-05,STORE,14,,Constitución,8101,Vial N° 224,,,,,
5,428,Mall Plaza La Serena,noche,3,10:30,21:30,,,51 - 2- 471695,,,1000,2016-04-05,STORE,14,,La Serena,4101,Avda. Alberto Solari N°1400 L-104-B,,,,,
5,430,Concepción 10,noche,3,08:30,21:30,,,41 - 2- 523624,,,1000,2016-04-05,STORE,14,,Concepción,8101,Barros Arana N° 472,,,,,
5,431,Talca,noche,3,09:00,22:00,,,71 - 2- 510131,,,1000,2016-04-05,STORE,14,,Talca,7101,1 Sur N° 1599,,,,,
5,432,SMU Puerto Montt,noche,3,09:00,21:00,,,65 - 2- 220073,,,1000,2016-04-05,MULTIF. GONDOLA,12,,Puerto Montt,10101,Volcán Hornopiren N° 1728 L 6 y 7,,,,,
5,433,Jumbo Calama,noche,3,08:30,22:30,,,55 - 2- 347913,,,1000,2016-04-05,MULTIFUNCIONAL,13,,Calama,2201,Fundo San Juan Centro Comercial N° 1051,,,,,
5,434,Pucón,noche,3,09:00,21:00,,,45 - 2- 443970,,,1000,2016-04-05,STORE,14,,Pucón,9115,Avda. Libertador Bernardo O'Higgins N° 717 L-1 y 2,,,,,
5,435,Portal Temuco,noche,3,10:00,21:00,,,45 - 2- 211350,,,1000,2016-04-05,STORE,14,,Temuco,9101,Avda. Alemania N° 0671 L - 1107,,,,,
5,436,Machalí,noche,3,09:00,22:00,,,72 - 2- 280470,,,1000,2016-04-05,STORE,14,,Machali,6108,Avda. Padre Hurtado 3 Locales 4B-5- 6 del 1°Piso,,,,,
5,437,SMU La Serena,noche,3,08:30,22:00,,,51 - 2- 294841,,,1000,2016-04-05,MULTIF. GONDOLA,12,,La Serena,4101,Avda. 4 Esquinas N° S/N L-9-10-11,,,,,
5,438,SMU Valdivia,noche,3,09:00,22:00,,,63 - 2- 288161,,,1000,2016-04-05,MULTIFUNCIONAL,13,,Valdivia,14101,Avda. Circunvalación Sur S/N Esq. Av. Simpson,,,,,
5,439,Chiguayante 2,noche,3,09:00,22:00,,,41 - 2- 361556,,,1000,2016-04-05,STORE,14,,Chiguayante,8103,Avda. 8 Oriente N°720 L-1 y 2,,,,,
5,440,Vivar/Ramírez,noche,3,08:30,22:00,,,55 - 2- 342823,,,1000,2016-04-05,STORE,14,,Calama,2201,Vivar N° 1902-1912,,,,,
5,442,Tur Bus,noche,3,07:30,22:00,,,2-437 83 34,,,1000,2016-04-05,MULTIFUNCIONAL,13,,Estación Central,13106,Avda. Libertador Bernardo O'higgins N°3770 L-1A,,,,,
5,443,Clínica Bicentenario,noche,3,08:00,20:00,,,09- 1630351,,,1000,2016-04-05,MULTIFUNCIONAL,13,,Estación Central,13106,Avda. Libertador Bernardo Ohiggins N°4850,,,,,
5,445,Hernando de Magallanes,noche,3,08:30,21:00,,,2-229 00 10,,,1000,2016-04-05,STORE,14,,Las Condes,13114,Avda. Cristóbal Colón N°6550 L-6,,,,,
5,446,Mall de Centro Concepción,noche,3,10:00,21:00,,,41 - 2- 3162189,,,1000,2016-04-05,MULTIF. GONDOLA,12,,Concepción,8101,Barros Araba N° 1080 Local 0401,,,,,
5,448,Manuel Montt/Irarrazaval,noche,3,08:30,21:00,,,2-274 86 01,,,1000,2016-04-05,STORE,14,,Ñuñoa,13120,Irarrázaval N° 1730 L-2,,,,,
5,449,Duble Almeyda,noche,3,09:00,22:00,,,2-204 90 68,,,1000,2016-04-05,STORE,14,,Ñuñoa,13120,Campo de Deporte N° 180,,,,,
5,450,Paseo La Rotonda P. Montt,noche,3,09:00,22:00,,,65 - 2- 271911,,,1000,2016-04-05,STORE,14,,Puerto Montt,10101,Avda. Las Industrias N° 300 L-117,,,,,
5,451,Paseo La Paloma P. Montt,noche,3,09:00,22:00,,,65 - 2- 317902,,,1000,2016-04-05,STORE,14,,Puerto Montt,10101,Avda. Volcán Puntiagudo N° 100 l-108,,,,,
5,452,Talagante 2,noche,3,09:00,22:00,,,2- 28151537,,,1000,2016-04-05,STORE,14,,Talagante,13601,Avda. Ohiggins N° 1101,,,,,
5,453,San Martín Concepción,noche,3,09:00,22:00,,,41- 2- 247453,,,1000,2016-04-05,STORE,14,,Concepción,8101,San Martín N° 608-612,,,,,
5,454,Mall Castro,noche,3,09:00,21:00,,,2-2-4227100,,,1000,2016-04-05,MULTIF. GONDOLA,12,,Castro,10201,Ignacio Serrano N° 574,,,,,
5,455,Mall Puerto Varas,noche,3,09:00,22:00,,,2-2-4223300,,,1000,2016-04-05,MULTIFUNCIONAL,13,,Puerto Varas,10109,San Francisco N° 666 Local 103-104,,,,,
5,456,Botica San Pedro Atacama,noche,3,10:00,14:00,,,8- 2175850,,,1000,2016-04-05,BOTICA,10,,San Pedro de Atacama,2203,Caracoles N° 241,,,,,
5,457,Balmaceda La Serena,noche,3,10:00,21:00,,,51 - 2- 550124,,,1000,2016-04-05,STORE,14,,La Serena,4101,Balmaceda N° 3045-3075 Local 1,,,,,
5,458,La Unión,noche,3,09:00,22:00,,,64 - 2- 426153,,,1000,2016-04-05,STORE,14,,La Unión,14201,Esmeralda N° 731,,,,,
5,459,SMU Alto Hospicio,noche,3,09:00,22:00,,,IP 5459,,,1000,2016-04-05,MULTIF. GONDOLA,12,,Iquique,1101,Ruta A16 / Tarapacá N° 3350 l-3,,,,,
5,460,Roger de Flor,noche,3,08:30,21:30,,,2-335 00 34,,,1000,2016-04-05,ESPACIO SB,11,,Las Condes,13114,Roger de Flor N° 2800 L-D y E,,,,,
5,461,Buin,noche,3,09:00,21:30,,,2-821 33 88,,,1000,2016-04-05,STORE,14,,Buin,13402,Balmaceda N° 157,,,,,
5,462,Cañete,noche,3,09:00,21:00,,,41 - 2- 619348,,,1000,2016-04-05,STORE,14,,Cañete,8203,Saavedra N° 561,,,,,
5,463,San Felipe 2,noche,3,09:00,21:00,,,34 - 2- 515981,,,1000,2016-04-05,STORE,14,,San Felipe,5701,Prat N° 213-215,,,,,
5,464,BCI San Fernando,noche,3,08:30,22:30,,,72 - 2- 715665,,,1000,2016-04-05,STORE,14,,San Fernando,6301,Avda. Manuel Rodríguez N° 901,,,,,
5,465,Linares 2,noche,3,10:00,20:00,,,73 - 2- 226370,,,1000,2016-04-05,STORE,14,,Linares,7401,"Independencia N° 557 a 573 Local 1,2 y 5",,,,,
5,466,Costanera Center,noche,3,10:00,22:00,,,2-618 98 06,,,1000,2016-04-05,ESPACIO SB,11,,Providencia,13123,Andres Bello N° 2447 L-126,,,,,
5,467,Matta Oriente,noche,3,09:00,22:30,,,2-209 87 37,,,1000,2016-04-05,MULTIF. GONDOLA,12,,Ñuñoa,13120,Matta Oriente N° 301 L-2,,,,,
5,468,La Calera 2,noche,3,09:00,21:30,,,33 - 2- 228236,,,1000,2016-04-05,STORE,14,,Calera,5502,José Joaquín Pérez N° 152,,,,,
5,469,Botica Valparaíso,noche,3,08:30,22:00,,,32 - 2- 258688,,,1000,2016-04-05,BOTICA,10,,Valparaíso,5101,Plaza Anibal Pinto N° 1191 1199 L-1 y 2,,,,,
5,470,Angol,noche,3,09:00,21:00,,,45 - 2- 718827,,,1000,2016-04-05,STORE,14,,Angol,9201,Pedro Aguirre Cerda N° 421 L-1 y 2,,,,,
5,471,Traiguén,noche,3,09:00,21:00,,,45 - 2- 869095,,,1000,2016-04-05,STORE,14,,Traiguén,9210,Santa Cruz N° 813,,,,,
5,473,Mall Paseo Quilín,noche,3,09:30,21:30,,,2-947 01 39,,,1000,2016-04-05,STORE,14,,Peñalolén,13122,Mar Tirreno N° 3349 L-2039,,,,,
5,474,BCI Libertad,noche,3,09:00,22:00,,,32 - 2- 979237,,,1000,2016-04-05,STORE,14,,Viña del Mar,5109,Libertad N°277,,,,,
5,475,Amunategui,noche,3,08:00,21:00,,,2-671 87 68,,,1000,2016-04-05,MULTIFUNCIONAL,13,,Santiago,13101,Avda. Libertador Bernardo Ohiggins N° 1395,,,,,
5,476,Espacio Con Cón,noche,3,09:00,22:00,,,32 - 2- 857737,,,1000,2016-04-05,ESPACIO SB,11,,Con Cón,5103,Avda. Con Cón Reñaca N° 3850-1004,,,,,
5,477,Padre Mariano,noche,3,08:30,21:30,,,2-235 16 61,,,1000,2016-04-05,MULTIFUNCIONAL,13,,Providencia,13123,Avda. Providencia N° 1694 L-1,,,,,
5,478,La Cruz,noche,3,09:00,21:30,,,33 - 2- 320677,,,1000,2016-04-05,MULTIF. GONDOLA,12,,La Cruz,5504,21 de Mayo N° 3594,,,,,
5,479,Algarrobal,noche,3,09:00,22:00,,,09- 7506433,,,1000,2016-04-05,STORE,14,,Colina,13301,Fundo La Hijuela de Algarrobal l-11 B,,,,,
5,480,Enrique Foster,noche,3,08:00,22:00,,,9- 7584176,,,1000,2016-04-05,ESPACIO SB,11,,Las Condes,13114,Avda. Apoquindo N° 3472,,,,,
5,481,Temuco San Martín,noche,3,09:00,22:00,,,45 - 2- 216310,,,1000,2016-04-05,STORE,14,,Temuco,9101,San Martín N° 675 Local 2 y 3,,,,,
5,482,Strip Camino Las Flores,noche,3,09:00,22:00,,,09- 448 95 70,,,1000,2016-04-05,ESPACIO SB,11,,Las Condes,13114,Avda. Camino Las Flores N° 12640 Local 6 y 7,,,,,
5,483,Talca 8 Oriente,noche,3,09:00,21:30,,,71 - 2- 217787,,,1000,2016-04-05,STORE,14,,Talca,7101,Uno Norte N° 1466,,,,,
5,484,Mall Plaza Bio Bío,noche,3,10:00,21:30,,,41- 2- 3214399,,,1000,2016-04-05,MULTIFUNCIONAL,13,,Concepción,8101,Los Carrera Poniente N°301 L-B 1012-1016-1020,,,,,
5,485,Paine,noche,3,09:00,22:00,,,5-3537879,,,1000,2016-04-05,STORE,14,,Paine,13404,Baquedano N° 502,,,,,
5,486,"Centro Comercial M""""",noche,3,09:00,21:00,,,6-837 10 36,,,1000,2016-04-05,MULTIF. GONDOLA,12,,Santiago,13101,Compañía N° 1214 L-102-103,,,,,
5,487,Mall Plaza Tobalaba 2,noche,3,10:00,21:30,,,2- 5860683,,,1000,2016-04-05,ESPACIO SB,11,,Puente Alto,13201,Avda. Camilo Henríquez N° 3692 L-BH 140-144,,,,,
5,488,Curauma,noche,3,09:00,22:00,,,4227100,,,1000,2016-04-05,MULTIF. GONDOLA,12,,Valparaíso,5101,Avda. Curauma Norte S/N Local 2,,,,,
5,489,Lomas de San Sebastián,noche,3,09:00,22:00,,,41-422 71 00,,,1000,2016-04-05,STORE,14,,Concepción,8101,Prolongación Cosme Churraca N°75 L-13-14-15,,,,,
5,490,Ciudad Satélite,noche,3,09:00,22:00,,,9- 5554638,,,1000,2016-04-05,STORE,14,,Maipú,13119,Avda. El Parque Central Poniente N°121,,,,,
5,491,Encomenderos,noche,3,08:00,21:00,,,2- 3344322,,,1000,2016-04-05,MULTIFUNCIONAL,13,,Providencia,13123,Encomenderos N° 76,,,,,
5,492,Mall Plaza Las Américas,noche,3,10:00,21:30,,,57 - 2- 483116,,,1000,2016-04-05,STORE,14,,Iquique,1101,Avda. Héroes de la Concepción N°2555,,,,,
5,493,Quilicura 2,noche,3,09:00,21:00,,,2-607 28 95,,,1000,2016-04-05,MULTIF. GONDOLA,12,,Quilicura,13125,Manuel Antonio Matta N° 900 L-4A y 5A,,,,,
5,494,Santa Isabel,noche,3,09:00,22:00,,,2-639 84 70,,,1000,2016-04-05,STORE,14,,Santiago,13101,San Francisco N° 521 Local 1,,,,,
5,495,Panguipulli,noche,3,09:00,22:00,,,6-4072237,,,1000,2016-04-05,STORE,14,,Panguipulli,14108,Marinez de Rosas N° 720 L-1,,,,,
5,496,Suecia Providencia,noche,3,08:30,22:00,,,2 -4227100,,,1000,2016-04-05,MULTIF. GONDOLA,12,,Providencia,13123,Avda. Providencia N° 2301 Local 7-8-9,,,,,
5,497,Coronel 2,noche,3,09:00,21:00,,,41 - 2- 774624,,,1000,2016-04-05,MULTIF. GONDOLA,12,,Coronel,8102,Manuel Montt N° 150-360 Local 2,,,,,
5,498,Toesca/Vergara,noche,3,09:00,22:00,,,5- 3347072,,,1000,2016-04-05,MULTIF. GONDOLA,12,,Santiago,13101,Toesca N° 1844-1882 L-3 y 4,,,,,
5,499,Isla Juan Fernández,noche,3,08:30,13:00,,,6-4957633,,,1000,2016-04-05,MULTIFUNCIONAL,13,,Isla Juan Fernandez,5104,"Posta de Salud, Manzana 16, sitio 7",,,,,
5,531,Agustinas,noche,3,09:00,21:00,,,2- 6713127,,,1000,2016-04-05,MULTIF. GONDOLA,12,,Santiago,13101,Agustinas N°1109,,,,,
5,532,Mall Arauco Quilicura,noche,3,10:00,21:00,,,32 2- 8307921,,,1000,2016-04-05,MULTIF. GONDOLA,12,,Quilicura,13125,Avda. Ohiggins N° 581 Local 27,,,,,
5,534,Puente Alto 4,noche,3,10:00,21:00,,,2- 8720315,,,1000,2016-04-05,STORE,14,,Puente Alto,13201,Concha y Toro N° 118,,,,,
5,535,Puente 1,noche,3,09:00,21:00,,,2-370 95 80,,,1000,2016-04-05,MULTIFUNCIONAL,13,,Santiago,13101,Puente N° 670,,,,,
5,536,Concepción Los Carrera,noche,3,09:00,21:00,,,41-422 71 00,,,1000,2016-04-05,MULTIF. GONDOLA,12,,Concepción,8101,Avda. Anibal Pinto N° 781,,,,,
5,537,Santa María de Manquehue,noche,3,09:00,22:00,,,8- 9225391,,,1000,2016-04-05,ESPACIO SB,11,,Vitacura,13132,Avda. Santa María N° 6674 Local 11-12-13,,,,,
5,538,Osorno 7 Espacio,noche,3,09:00,21:00,,,64- 2-540258,,,1000,2016-04-05,ESPACIO SB,11,,Osorno,10301,Eleuterio Ramirez N° 1027,,,,,
5,539,Mall Plaza Egaña,noche,3,09:00,22:00,,,2- 8306246,,,1000,2016-04-05,ESPACIO SB,11,,La Reina,13113,Avda. Larraín N° 5862 Local 1076-1080,,,,,
5,540,Tottus Vitacura,noche,3,09:00,22:00,,,2- 2-5920956,,,1000,2016-04-05,MULTIFUNCIONAL,13,,Vitacura,13132,Avda. Vitacura N° 9019 Local 1,,,,,
5,541,Viña del Mar Recreo,noche,3,09:00,21:00,,,4227100,,,1000,2016-04-05,STORE,14,,Viña del Mar,5109,Avda. Diego Portales N° 702 Local 1,,,,,
5,544,San Bernardo Colón,noche,3,09:00,22:00,,,2- 2-5920957,,,1000,2016-04-05,MULTIF. GONDOLA,12,,San Bernardo,13401,Colón N° 787,,,,,
5,545,Ciudad Empresarial,noche,3,10:00,19:30,,,2- 4227100,,,1000,2016-04-05,MULTIF. GONDOLA,12,,Huechuraba,13107,Santa Clara N° 354 Local 115,,,,,
5,546,Clinica Los Andes,noche,3,09:00,21:00,,,2-422 71 00,,,1000,2016-04-05,MULTIFUNCIONAL,13,,Las Condes,13114,Avda. La Plaza N° 2501,,,,,
5,548,Open Ovalle,noche,3,10:00,21:30,,,4227100,,,1000,2016-04-05,STORE,14,,Ovalle,4301,Prolongación Benavente N° 1075 Local 1210,,,,,
5,554,Los Trapenses 2,noche,3,09:00,22:00,,,2- 4227100,,,1000,2016-04-05,ESPACIO SB,11,,Lo Barnechea,13115,José Délano N° 10492-10497-10515-10533-10545 Local 116,,,,,
5,555,Chamisero,noche,3,09:00,21:00,,,IP 5555,,,1000,2016-04-05,STORE,14,,Colina,13301,Avda. Chamisero N° 15135 Local 4,,,,,
5,556,Strip Pajaritos,noche,3,09:00,22:00,,,224227100,,224227100,1000,2016-04-05,MULTIF. GONDOLA,12,,Santiago,13101,"AVDA.PAJARITOS N° 2624, LOCAL1,2,3,4",,,,,
5,557,Lautaro,noche,3,09:00,21:00,,,5- 58193887,,,1000,2016-04-05,MULTIFUNCIONAL,13,,Lautaro,9108,Calle Bernardo Ohiggins N° 812 Local 2,,,,,
5,558,Castillo Velasco,noche,3,10:00,20:30,,,2-4227100,,,1000,2016-04-05,MULTIF. GONDOLA,12,,Ñuñoa,13120,Eduardo Castillo Velasco N° 5500,,,,,
5,559,Rosario Norte,noche,3,08:00,21:00,,,2- 4227100,,,1000,2016-04-05,ESPACIO SB,11,,Las Condes,13114,Rosario Norte N° 532 Local 103,,,,,
5,561,Copiapo Chacabuco,noche,3,09:00,22:00,,,,,,1000,2016-04-05,MULTIF. GONDOLA,12,,Copiapó,3101,Chacabuco N° 273-275,,,,,
5,562,Olmué,noche,3,09:00,21:00,,,33 - 2- 441447,,,1000,2016-04-05,MULTIFUNCIONAL,13,,Olmué,5803,Diego Portales N° 2090,,,,,
5,563,Portugal,noche,3,08:00,23:59,,,2-2-4227100,,,1000,2016-04-05,MULTIF. GONDOLA,12,,Santiago,13101,Portugal N° 174,,,,,
5,564,Metro Colon,noche,3,08:00,22:00,,,4227100,,,1000,2016-04-05,MULTIFUNCIONAL,13,,Providencia,13123,Avda. Tobalaba N° 1375 Local 1,,,,,
5,566,Patio ConCon,noche,3,09:00,21:00,,,32 2818518,,,1000,2016-04-05,STORE,14,,Con Cón,5103,"Avda. Manantiales N° 1121, Local 1",,,,,
5,568,Mall Plaza Copiapo,noche,3,10:00,18:00,,,2- 4227100,,,1000,2016-04-05,MULTIF. GONDOLA,12,,Copiapó,3101,Maipu N° 0110 Local BF 136-140-144,,,,,
5,569,Strip Tobalaba,noche,3,09:00,22:00,,,2-2-4223300,,,1000,2016-04-05,STORE,14,,Ñuñoa,13120,Tobalaba N° 5151,,,,,
5,570,Coronel Sta. Isabel,noche,3,09:00,22:00,,,2-4227100,,,1000,2016-04-05,MULTIF. GONDOLA,12,,Coronel,8102,Mamuel Montt N° 1600 Local 104,,,,,
5,571,Apoquindo Territoria,noche,3,08:00,21:00,,,2- 4227100,,,1000,2016-04-05,MULTIF. GONDOLA,12,,Las Condes,13114,"Avda. Apoquindo N° 2827 Local 101,102,106 y 107",,,,,
5,572,Patio Puerto Varas,noche,3,10:00,21:00,,,IP 5572,,,1000,2016-04-05,MULTIFUNCIONAL,13,,Puerto Varas,10109,Colón N° 1500 Local 7 y 8,,,,,
5,573,Patio Padre Las Casas,noche,3,09:00,21:00,,,IP 5573,,,1000,2016-04-05,MULTIFUNCIONAL,13,,Padre las Casas,9112,Maquehue N° 1244 Local 5 y 6,,,,,
5,575,Curicó Peña,noche,3,08:30,23:00,,,2- 4227100,,,1000,2016-04-05,STORE,14,,Curicó,7301,Peña N° 718 Local 718 y 722,,,,,
5,577,San Isidro,noche,3,08:00,21:00,,,IP 5577,,,1000,2016-04-05,MULTIFUNCIONAL,13,,Santiago,13101,Avda. Libertador Bernardo Ohiggins N° 580 Local 8-9,,,,,
5,578,ANTOFAGASTA STRIP (MATTA),noche,3,09:00,22:00,,,224227100,,224227100,1000,2016-04-05,MULTIF. GONDOLA,12,,Antofagasta,2101,"MANUEL ANTONIO MATTA N° 2001 AL 2013, LOCAL 5",,,,,
5,579,Lider los Angeles,noche,3,09:00,22:00,,,224227100,,224227100,1000,2016-04-05,MULTIFUNCIONAL,13,,Los Ángeles,8301,"ALCAZAR 635, LOCAL 1",,,,,
5,580,Meiggs,noche,3,11:00,20:00,,,2-4227100,,,1000,2016-04-05,MULTIF. GONDOLA,12,,Estación Central,13106,Avda. Libertador Bernardo Ohiggins N° 2998 Local 105,,,,,
5,581,Viña 15 Norte,noche,3,10:00,21:30,,,2- 4227100,,,1000,2016-04-05,MULTIFUNCIONAL,13,,Viña del Mar,5109,Avda. Benidorm N° 916,,,,,
5,582,Strip Center San Bernardo,noche,3,09:00,21:00,,,2-2-4223300,,,1000,2016-04-05,MULTIFUNCIONAL,13,,San Bernardo,13401,"Almirante Riveros N° 1202 , Local 3 y 4",,,,,
5,583,Mall Plaza el Trebol II,noche,3,09:00,21:00,,,2-24227100,,,1000,2016-04-05,MULTIFUNCIONAL,13,,Talcahuano,8110,Avda. Jorge Alessandri N° 3177,,,,,
5,585,Isla de Pascua,noche,3,08:30,22:00,,,24227100,,,1000,2016-04-05,MULTIF. GONDOLA,12,,Isla de Pascua,5201,HOTU MATUA,,,,,
5,586,Simon Bolivar Hamburgo,noche,3,09:00,22:00,,,2-24227100,,,1000,2016-04-05,MULTIF. GONDOLA,12,,Ñuñoa,13120,Hamburgo N° 671 Local 1,,,,,
5,587,Ohiggins Concepción,noche,3,09:00,21:00,,,2-2-4227100,,,1000,2016-04-05,MULTIFUNCIONAL,13,,Concepción,8101,Avda Libertador Bernardo Ohiggins N° 794 Local 1 y 2,,,,,
5,590,Nueva de Lyon,noche,3,09:00,21:00,,,2-4227100,,,1000,2016-04-05,MULTIF. GONDOLA,12,,Providencia,13123,Avda. Providencia N° 2202,,,,,
5,600,Farmacia Móvil 1,noche,3,23:59,00:01,,,422 71 00,,,1000,2016-04-05,STORE (?),14,,Santa Cruz,6310,Avda. General Velásquez 9981,,,,,
5,601,Farmacia Móvil 2,noche,3,23:59,00:01,,,41-422 71 00,,,1000,2016-04-05,STORE (?),14,,Concepción,8101,Avda. General Velásquez 9981,,,,,
5,862,VL Mall Sport,noche,3,10:00,21:00,,,2- 2-5920210,,,1000,2016-04-05,STORE,14,,Las Condes,13114,Las Condes N° 13451 Local 109,,,,,
